City_ID,City,Country,Date,Lat,Lng,Max Temp,Humidity,Cloudiness,Wind Speed
0,Busselton,AU,2022-04-05 20:03:38,-33.65,115.3333,55.31,75,10,7.61
1,Atuona,PF,2022-04-05 20:06:25,-9.8,-139.0333,79.5,72,5,23.31
2,Liwale,TZ,2022-04-05 20:06:25,-9.7667,37.9333,70.18,99,10,1.57
3,Mareeba,AU,2022-04-05 20:06:26,-17.0,145.4333,68.72,95,81,2.3
4,Zhigansk,RU,2022-04-05 20:06:26,66.7697,123.3711,-11.85,100,69,9.22
5,Siddipet,IN,2022-04-05 20:06:26,18.1,78.85,81.05,42,43,10.83
6,Zenzeli,RU,2022-04-05 20:06:27,45.9241,47.0474,42.4,80,41,7.7
7,Punta Arenas,CL,2022-04-05 20:03:36,-53.15,-70.9167,48.11,49,39,14.94
8,Fully,CH,2022-04-05 20:06:27,46.1385,7.1147,52.54,68,0,4.61
9,Lagoa,PT,2022-04-05 20:06:27,39.05,-27.9833,59.79,84,25,13.91
10,George,ZA,2022-04-05 20:06:28,-33.963,22.4617,61.38,77,100,6.49
11,Lorengau,PG,2022-04-05 20:06:28,-2.0226,147.2712,81.1,83,100,15.82
12,Rikitea,PF,2022-04-05 20:06:28,-23.1203,-134.9692,79.0,68,24,20.27
13,Mimongo,GA,2022-04-05 20:06:29,-1.6195,11.6068,70.99,95,97,1.68
14,Pevek,RU,2022-04-05 20:02:51,69.7008,170.3133,-21.64,100,100,5.35
15,Albany,US,2022-04-05 20:05:25,42.6001,-73.9662,60.17,37,93,1.01
16,Mataura,NZ,2022-04-05 20:05:27,-46.1927,168.8643,49.44,71,17,9.31
17,Yellowknife,CA,2022-04-05 20:05:36,62.456,-114.3525,34.29,92,94,8.25
18,Bastia,FR,2022-04-05 20:06:29,42.6667,9.3333,49.3,77,0,3.44
19,Qaanaaq,GL,2022-04-05 20:06:30,77.484,-69.3632,12.67,85,47,2.39
20,Kapaa,US,2022-04-05 20:06:30,22.0752,-159.319,78.78,94,100,16.11
21,Zunyi,CN,2022-04-05 20:06:30,27.6867,106.9072,53.58,86,100,2.73
22,Malpe,IN,2022-04-05 20:06:31,13.35,74.7167,81.7,83,76,3.4
23,Ilulissat,GL,2022-04-05 20:06:31,69.2167,-51.1,28.42,86,75,4.61
24,Itarema,BR,2022-04-05 20:06:31,-2.9248,-39.9167,80.44,82,6,10.31
25,Huercal-Overa,ES,2022-04-05 20:06:31,37.389,-1.9454,48.24,87,100,6.89
26,Dubbo,AU,2022-04-05 20:06:32,-32.25,148.6167,55.53,88,0,10.36
27,Farah,AF,2022-04-05 20:06:32,32.5,62.5,76.01,8,15,4.38
28,Nurota,UZ,2022-04-05 20:06:32,40.5614,65.6886,71.91,22,93,9.91
29,Puerto Carreno,CO,2022-04-05 20:06:33,6.189,-67.4859,78.78,83,99,7.85
30,Hermanus,ZA,2022-04-05 20:06:33,-34.4187,19.2345,59.81,79,1,14.2
31,Faya,SA,2022-04-05 20:04:30,18.3851,42.4509,68.52,12,0,8.08
32,Kaeo,NZ,2022-04-05 20:06:33,-35.1,173.7833,68.32,97,100,6.71
33,Gladstone,AU,2022-04-05 20:06:34,-23.85,151.25,69.73,83,14,4.61
34,Mariquita,CO,2022-04-05 20:06:34,5.1989,-74.893,83.53,69,87,2.91
35,Upernavik,GL,2022-04-05 20:06:34,72.7868,-56.1549,26.56,95,100,7.4
36,Saint George,US,2022-04-05 20:03:37,37.1041,-113.5841,81.19,15,0,20.71
37,Puerto Ayora,EC,2022-04-05 20:06:35,-0.7393,-90.3518,85.96,87,51,5.01
38,Mayumba,GA,2022-04-05 20:06:35,-3.432,10.6554,77.95,92,100,7.29
39,Kenai,US,2022-04-05 20:06:35,60.5544,-151.2583,38.14,75,0,17.27
40,Arraial Do Cabo,BR,2022-04-05 20:05:42,-22.9661,-42.0278,76.86,88,75,11.5
41,Saint-Philippe,RE,2022-04-05 20:06:36,-21.3585,55.7679,78.39,87,56,10.16
42,Nikolskoye,RU,2022-04-05 20:06:36,59.7035,30.7861,32.88,85,84,12.1
43,Padang,ID,2022-04-05 20:03:42,-0.9492,100.3543,76.37,88,98,3.56
44,Severo-Kurilsk,RU,2022-04-05 20:05:36,50.6789,156.125,33.67,67,3,4.61
45,Vaini,TO,2022-04-05 20:00:10,-21.2,-175.2,80.24,72,65,10.49
46,Jamestown,US,2022-04-05 20:07:37,42.097,-79.2353,64.02,30,0,9.22
47,Dunedin,NZ,2022-04-05 20:02:49,-45.8742,170.5036,54.81,76,100,17.0
48,Totma,RU,2022-04-05 20:07:37,59.9747,42.7642,30.99,88,100,10.47
49,Tuktoyaktuk,CA,2022-04-05 20:07:38,69.4541,-133.0374,-8.05,89,29,4.36
50,Thompson,CA,2022-04-05 20:07:38,55.7435,-97.8558,37.56,70,75,9.22
51,Batticaloa,LK,2022-04-05 20:07:38,7.7102,81.6924,77.74,84,38,4.34
52,Arona,ES,2022-04-05 20:07:39,28.0996,-16.681,58.12,53,75,5.75
53,Sasd,HU,2022-04-05 20:07:39,46.2552,18.1078,52.54,80,80,5.12
54,New Norfolk,AU,2022-04-05 20:07:39,-42.7826,147.0587,53.1,67,69,0.83
55,Nkoteng,CM,2022-04-05 20:07:39,4.5167,12.0333,70.45,94,100,5.21
56,Zlitan,LY,2022-04-05 20:07:40,32.4674,14.5687,61.07,86,54,7.96
57,Uberlandia,BR,2022-04-05 20:04:37,-18.9186,-48.2772,78.39,61,96,3.78
58,Te Anau,NZ,2022-04-05 20:07:40,-45.4167,167.7167,47.46,82,19,4.81
59,Hobart,AU,2022-04-05 19:58:28,-42.8794,147.3294,53.46,72,100,5.75
60,Rayong,TH,2022-04-05 20:07:41,12.8333,101.4333,84.79,99,69,3.27
61,Saint-Joseph,RE,2022-04-05 20:07:41,-21.3667,55.6167,77.38,87,50,8.7
62,Dehloran,IR,2022-04-05 20:07:41,32.6941,47.2679,77.38,19,10,6.24
63,Avarua,CK,2022-04-05 20:02:48,-21.2078,-159.775,84.25,74,20,8.05
64,Bowen,AU,2022-04-05 20:07:42,-20.0167,148.2333,70.56,91,66,6.58
65,Chuy,UY,2022-04-05 20:07:42,-33.6971,-53.4616,69.26,39,0,8.25
66,Lac Du Bonnet,CA,2022-04-05 20:07:42,50.2536,-96.0612,40.37,84,100,12.71
67,Iqaluit,CA,2022-04-05 20:07:43,63.7506,-68.5145,7.7,78,100,27.0
68,Leningradskiy,RU,2022-04-05 20:07:43,69.3833,178.4167,-6.48,85,9,13.69
69,Dikson,RU,2022-04-05 20:00:13,73.5069,80.5464,4.41,76,97,16.42
70,Filadelfia,US,2022-04-05 20:07:25,39.9523,-75.1638,58.77,58,100,12.66
71,Coahuayana,MX,2022-04-05 20:07:43,18.7333,-103.6833,85.77,44,26,8.3
72,Kathu,TH,2022-04-05 20:07:44,7.9178,98.3332,82.69,99,100,4.74
73,Tokmak,UA,2022-04-05 20:07:44,47.2514,35.7058,40.1,75,91,11.56
74,Carnarvon,AU,2022-04-05 20:07:44,-24.8667,113.6333,71.67,78,0,9.22
75,Clyde River,CA,2022-04-05 19:59:04,70.4692,-68.5914,8.83,78,20,3.44
76,Torbay,CA,2022-04-05 20:07:45,47.6666,-52.7314,42.89,85,75,18.41
77,Ushuaia,AR,2022-04-05 19:58:47,-54.8,-68.3,38.86,81,75,26.46
78,Avera,US,2022-04-05 20:07:45,33.194,-82.5271,67.51,92,100,16.55
79,Port Alfred,ZA,2022-04-05 20:00:16,-33.5906,26.891,64.02,77,5,9.1
80,Bluff,NZ,2022-04-05 20:07:45,-46.6,168.3333,54.19,72,94,34.27
81,Palmer,US,2022-04-05 20:07:46,42.1584,-72.3287,61.5,35,71,1.99
82,Kahului,US,2022-04-05 20:02:51,20.8947,-156.47,79.97,79,97,11.01
83,Hai Duong,VN,2022-04-05 20:07:46,20.9333,106.3167,66.2,66,17,2.53
84,Hofn,IS,2022-04-05 20:07:46,64.2539,-15.2082,30.45,56,31,21.18
85,Saldanha,ZA,2022-04-05 20:07:47,-33.0117,17.9442,61.54,78,0,8.08
86,Kodiak,US,2022-04-05 20:07:47,57.79,-152.4072,38.71,56,0,9.22
87,Gunjur,GM,2022-04-05 20:07:47,13.2019,-16.7339,71.67,68,0,11.5
88,Onalaska,US,2022-04-05 20:06:17,43.8844,-91.2351,52.27,67,100,10.36
89,Mukhen,RU,2022-04-05 20:07:48,48.1,136.1,27.68,70,39,14.07
90,Yar-Sale,RU,2022-04-05 20:07:48,66.8333,70.8333,26.89,97,100,23.87
91,Guerrero Negro,MX,2022-04-05 20:08:48,27.9769,-114.0611,75.18,45,1,9.13
92,Bouca,CF,2022-04-05 20:08:49,6.5105,18.2733,72.82,90,100,5.28
93,Longyan,CN,2022-04-05 20:08:49,25.1072,117.0225,58.39,81,9,1.3
94,Havelock,US,2022-04-05 20:08:49,34.8791,-76.9013,76.01,80,100,8.99
95,Tuatapere,NZ,2022-04-05 20:08:50,-46.1333,167.6833,50.05,79,58,12.97
96,Cururupu,BR,2022-04-05 20:07:10,-1.8283,-44.8683,75.6,96,100,3.69
97,Airai,TL,2022-04-05 20:03:57,-8.9266,125.4092,58.03,90,34,1.79
98,Belmonte,BR,2022-04-05 20:08:05,-15.8631,-38.8828,80.87,72,7,6.58
99,Winnemucca,US,2022-04-05 20:08:00,40.973,-117.7357,48.25,27,0,9.22
100,Kilindoni,TZ,2022-04-05 20:08:50,-7.9139,39.6668,82.92,73,0,10.65
101,Geraldton,AU,2022-04-05 20:08:51,-28.7667,114.6,63.01,72,57,10.36
102,Lapua,FI,2022-04-05 20:08:51,62.9693,23.0088,26.11,90,100,11.18
103,Cabo San Lucas,MX,2022-04-05 20:08:51,22.8909,-109.9124,79.61,64,0,10.36
104,Faanui,PF,2022-04-05 20:08:51,-16.4833,-151.75,83.05,76,7,20.15
105,Karratha,AU,2022-04-05 20:08:52,-20.7377,116.8463,82.11,65,0,8.34
106,Khao Yoi,TH,2022-04-05 20:08:52,13.2403,99.8243,81.99,58,17,3.15
107,Butaritari,KI,2022-04-05 20:00:23,3.0707,172.7902,81.0,81,34,17.0
108,Hilo,US,2022-04-05 20:03:55,19.7297,-155.09,74.12,90,100,3.0
109,Yining,CN,2022-04-05 20:08:53,29.0361,114.5636,56.01,89,99,1.01
110,Georgetown,MY,2022-04-05 19:56:41,5.4112,100.3354,78.73,99,40,3.44
111,Jutai,BR,2022-04-05 20:08:53,-5.1833,-68.9,73.53,99,100,0.25
112,Kathmandu,NP,2022-04-05 20:08:53,27.7167,85.3167,66.42,72,20,2.3
113,Mahebourg,MU,2022-04-05 20:00:10,-20.4081,57.7,78.26,84,68,11.18
114,Pemba,MZ,2022-04-05 20:08:54,-12.974,40.5178,81.16,74,0,7.49
115,Bredasdorp,ZA,2022-04-05 20:08:54,-34.5322,20.0403,60.48,69,0,14.67
116,Bethel,US,2022-04-05 19:55:42,41.3712,-73.414,60.35,46,90,1.99
117,Ust-Tsilma,RU,2022-04-05 20:08:54,65.441,52.1498,-1.86,100,84,1.45
118,Gubkinskiy,RU,2022-04-05 20:08:55,64.434,76.5026,33.55,98,100,25.79
119,Mahanoro,MG,2022-04-05 20:08:55,-19.9,48.8,75.78,91,63,3.13
120,Wahiawa,US,2022-04-05 20:08:55,21.5028,-158.0236,79.12,68,100,10.36
121,Cape Town,ZA,2022-04-05 19:56:08,-33.9258,18.4232,59.88,86,20,9.22
122,Dhidhdhoo,MV,2022-04-05 20:08:56,6.8833,73.1,83.44,68,19,2.24
123,Hamilton,US,2022-04-05 20:08:32,39.1834,-84.5333,55.76,94,100,3.0
124,Villahermosa,MX,2022-04-05 20:08:30,17.9833,-92.9167,99.01,40,0,4.61
125,Luderitz,NA,2022-04-05 20:08:56,-26.6481,15.1594,61.61,79,0,12.75
126,Itambacuri,BR,2022-04-05 20:08:57,-18.0311,-41.685,81.63,54,6,4.59
127,Goure,NE,2022-04-05 20:08:57,13.9835,10.2704,87.66,6,100,8.08
128,Mayo,US,2022-04-05 20:08:57,38.8876,-76.5119,59.18,91,100,5.01
129,Vegreville,CA,2022-04-05 20:04:45,53.5001,-112.0518,34.95,91,100,23.67
130,Sorland,NO,2022-04-05 20:06:17,67.667,12.6934,33.78,60,100,25.34
131,Souillac,MU,2022-04-05 20:06:40,-20.5167,57.5167,77.38,94,75,3.44
132,Pisco,PE,2022-04-05 20:08:58,-13.7,-76.2167,75.25,64,0,17.27
133,Longyearbyen,SJ,2022-04-05 20:08:37,78.2186,15.6401,10.24,61,0,13.8
134,Salinopolis,BR,2022-04-05 20:08:58,-0.6136,-47.3561,77.2,91,98,5.35
135,San Cristobal,VE,2022-04-05 20:08:59,7.7669,-72.225,80.78,50,95,4.34
136,Lompoc,US,2022-04-05 20:05:56,34.6391,-120.4579,86.56,49,0,16.11
137,Fare,PF,2022-04-05 20:08:59,-16.7,-151.0167,82.81,75,5,21.3
138,La Trinitaria,MX,2022-04-05 20:09:59,16.1167,-92.05,86.58,26,0,8.93
139,Weiser,US,2022-04-05 20:10:00,44.251,-116.9693,52.0,42,99,7.0
140,Basco,PH,2022-04-05 20:10:00,20.4487,121.9702,74.43,76,100,21.07
141,Lakatoro,VU,2022-04-05 20:10:00,-16.0999,167.4164,82.04,80,100,13.85
142,Bathsheba,BB,2022-04-05 20:10:01,13.2167,-59.5167,83.01,61,20,8.05
143,Henties Bay,NA,2022-04-05 20:05:38,-22.116,14.2845,61.86,78,0,10.36
144,Hajnowka,PL,2022-04-05 20:10:01,52.7433,23.5812,32.02,91,100,1.01
145,Lazurne,UA,2022-04-05 20:10:01,46.084,32.5295,44.83,90,13,19.71
146,Talnakh,RU,2022-04-05 20:10:02,69.4865,88.3972,8.26,77,54,7.81
147,Hebi,CN,2022-04-05 20:10:02,35.8992,114.1925,57.99,46,0,7.27
148,Piranhas,BR,2022-04-05 20:08:31,-16.4269,-51.8222,86.31,59,1,3.67
149,Deniliquin,AU,2022-04-05 20:10:03,-35.5333,144.9667,56.64,68,100,5.12
150,Khani,GE,2022-04-05 20:10:03,41.9563,42.9566,38.77,96,100,3.87
151,Saint-Georges,GD,2022-04-05 20:10:04,12.0564,-61.7485,80.42,72,98,16.33
152,Charlestown,AU,2022-04-05 20:10:04,-32.95,151.6667,66.72,96,2,3.0
153,Port Lincoln,AU,2022-04-05 19:57:48,-34.7333,135.8667,60.1,80,10,13.82
154,Dawei,MM,2022-04-05 20:10:04,14.0833,98.2,76.15,70,85,3.11
155,Barstow,US,2022-04-05 20:10:05,34.8986,-117.0228,81.59,27,0,9.55
156,Kloulklubed,PW,2022-04-05 20:10:05,7.0419,134.2556,82.06,77,100,5.03
157,Hambantota,LK,2022-04-05 20:10:05,6.1241,81.1185,77.47,84,31,4.38
158,Trinidad,BO,2022-04-05 20:09:50,-14.8333,-64.9,87.8,57,75,1.05
159,Vostok,RU,2022-04-05 20:10:06,46.4856,135.8833,21.27,83,100,13.56
160,Emba,KZ,2022-04-05 20:10:06,48.8264,58.1442,40.23,68,100,3.49
161,Aykhal,RU,2022-04-05 20:09:13,66.0,111.5,-8.54,100,100,4.34
162,Broken Hill,AU,2022-04-05 20:06:39,-31.95,141.4333,62.62,45,98,12.64
163,Hasaki,JP,2022-04-05 20:10:07,35.7333,140.8333,48.6,76,100,6.44
164,Marsh Harbour,BS,2022-04-05 20:10:07,26.5412,-77.0636,77.47,76,75,15.43
165,Atherton,GB,2022-04-05 20:10:07,53.5237,-2.4935,51.75,86,100,5.01
166,Luganville,VU,2022-04-05 20:08:52,-15.5333,167.1667,80.96,83,100,12.06
167,Usinsk,RU,2022-04-05 20:10:08,65.9939,57.5281,3.69,96,100,9.35
168,Cervo,ES,2022-04-05 20:10:08,43.6702,-7.4101,49.96,77,4,7.61
169,Laguna,US,2022-04-05 20:10:08,38.421,-121.4238,71.89,26,0,17.27
170,Galesong,ID,2022-04-05 20:10:09,-5.3166,119.3661,73.42,82,24,2.75
171,Hanyang,CN,2022-04-05 20:10:09,32.1371,105.5126,51.26,89,77,0.85
172,Ballina,AU,2022-04-05 20:10:09,-28.8667,153.5667,68.18,99,32,1.59
173,Honiara,SB,2022-04-05 20:10:10,-9.4333,159.95,77.31,95,100,6.96
174,Olafsvik,IS,2022-04-05 20:07:30,64.8945,-23.7142,28.26,67,88,32.61
175,Isangel,VU,2022-04-05 20:10:10,-19.55,169.2667,79.45,83,100,7.25
176,Macomb,US,2022-04-05 20:09:33,40.4592,-90.6718,51.84,89,100,12.66
177,Ahipara,NZ,2022-04-05 20:07:53,-35.1667,173.1667,67.1,93,98,7.02
178,Bambous Virieux,MU,2022-04-05 20:10:11,-20.3428,57.7575,78.22,94,75,3.44
179,Codrington,AU,2022-04-05 20:00:16,-38.2667,141.9667,58.69,79,100,10.56
180,Birao,CF,2022-04-05 20:10:11,10.2849,22.7882,87.96,23,7,4.38
181,Kaitangata,NZ,2022-04-05 20:10:11,-46.2817,169.8464,50.67,73,69,13.53
182,Acarau,BR,2022-04-05 20:10:12,-2.8856,-40.12,81.23,82,16,10.18
183,Tanout,NE,2022-04-05 20:10:12,14.9709,8.8879,89.65,6,15,7.7
184,Walvis Bay,NA,2022-04-05 20:11:12,-22.9575,14.5053,59.09,66,0,15.46
185,Maceio,BR,2022-04-05 20:09:57,-9.6658,-35.7353,83.64,65,40,12.66
186,Yulara,AU,2022-04-05 20:11:13,-25.2406,130.9889,69.64,64,40,10.36
187,Haukipudas,FI,2022-04-05 20:11:13,65.1765,25.3523,33.85,93,100,14.14
188,Castro,BR,2022-04-05 20:10:00,-24.7911,-50.0119,73.2,81,29,1.61
189,Semporna,MY,2022-04-05 20:11:13,4.4818,118.6112,78.3,86,100,10.45
190,Dingle,PH,2022-04-05 20:11:14,10.9995,122.6711,74.77,92,100,8.05
191,Nuuk,GL,2022-04-05 20:11:14,64.1835,-51.7216,32.61,93,75,3.44
192,Berlevag,NO,2022-04-05 20:11:14,70.8578,29.0864,30.2,79,100,29.24
193,Kuusamo,FI,2022-04-05 20:11:15,65.9667,29.1833,30.24,93,100,14.97
194,Temascalcingo,MX,2022-04-05 20:11:15,19.9167,-100.0,80.11,8,3,13.82
195,Wladyslawowo,PL,2022-04-05 20:11:16,54.7909,18.4009,37.0,75,85,15.99
196,Huarmey,PE,2022-04-05 20:11:16,-10.0681,-78.1522,75.0,72,49,11.27
197,Suntar,RU,2022-04-05 20:11:16,62.1444,117.6319,-11.34,100,92,1.52
198,Lexington,US,2022-04-05 20:10:19,37.9887,-84.4777,55.94,85,100,10.36
199,Mehamn,NO,2022-04-05 20:11:17,71.0357,27.8492,30.15,64,75,16.11
200,Ormara,PK,2022-04-05 20:11:17,25.2088,64.6357,79.93,71,1,15.3
201,Waingapu,ID,2022-04-05 20:11:18,-9.6567,120.2641,76.77,84,99,6.13
202,Soyo,AO,2022-04-05 20:07:30,-6.1349,12.3689,77.83,89,47,9.15
203,Kiruna,SE,2022-04-05 20:11:18,67.8557,20.2251,22.12,100,75,12.66
204,Ketchikan,US,2022-04-05 20:11:18,55.3422,-131.6461,43.27,61,75,0.0
205,Korla,CN,2022-04-05 20:11:19,41.7597,86.1469,60.15,25,4,2.15
206,Honningsvag,NO,2022-04-05 20:11:19,70.9821,25.9704,31.75,69,75,25.32
207,Alofi,NU,2022-04-05 20:11:20,-19.0595,-169.9187,79.41,76,100,8.84
208,Haines Junction,CA,2022-04-05 20:11:20,60.7522,-137.5108,33.31,64,13,13.8
209,San Joaquin,US,2022-04-05 20:11:20,37.9333,-121.3011,71.67,26,0,20.71
210,Hyderabad,IN,2022-04-05 20:11:19,17.3753,78.4744,80.11,61,40,5.75
211,Dabat,ET,2022-04-05 20:11:21,12.9842,37.765,66.13,29,9,2.75
212,East London,ZA,2022-04-05 20:08:53,-33.0153,27.9116,67.12,76,63,6.51
213,Mogadishu,SO,2022-04-05 20:11:21,2.0371,45.3438,81.12,76,57,15.57
214,Bridlington,GB,2022-04-05 20:11:21,54.0831,-0.1919,49.93,77,100,21.54
215,Varhaug,NO,2022-04-05 20:11:22,58.6147,5.6457,38.75,59,100,7.0
216,Manta,EC,2022-04-05 20:11:22,-0.95,-80.7333,83.98,74,20,11.5
217,Beringovskiy,RU,2022-04-05 20:11:22,63.05,179.3167,-5.98,87,18,5.55
218,Kurilsk,RU,2022-04-05 20:11:23,45.2333,147.8833,38.26,91,17,13.15
219,Kardamaina,GR,2022-04-05 20:11:23,36.7814,27.1425,62.08,67,34,5.75
220,Riyadh,SA,2022-04-05 20:07:35,24.6877,46.7219,80.74,9,0,9.44
221,Novikovo,RU,2022-04-05 20:11:23,51.1537,37.8879,40.77,78,100,15.35
222,Sept-Iles,CA,2022-04-05 20:11:24,50.2001,-66.3821,33.08,80,100,7.63
223,Bengkulu,ID,2022-04-05 20:11:24,-3.8004,102.2655,75.69,87,100,3.78
224,Khatanga,RU,2022-04-05 20:12:24,71.9667,102.5,-11.83,92,8,8.41
225,Norman Wells,CA,2022-04-05 20:12:25,65.282,-126.8329,13.33,83,48,1.34
226,Vanavara,RU,2022-04-05 20:12:25,60.34,102.2797,17.17,98,100,4.34
227,Namatanai,PG,2022-04-05 20:12:26,-3.6667,152.4333,77.68,90,100,6.67
228,Sinnamary,GF,2022-04-05 20:12:26,5.3833,-52.95,78.84,85,77,13.47
229,Caravelas,BR,2022-04-05 20:12:26,-17.7125,-39.2481,80.69,72,5,6.2
230,Harper,LR,2022-04-05 20:12:27,4.375,-7.7169,81.61,85,46,7.94
231,Port Keats,AU,2022-04-05 20:12:27,-14.25,129.55,80.29,79,23,2.73
232,Barrow,US,2022-04-05 20:12:27,71.2906,-156.7887,-16.58,76,100,4.61
233,Rio Grande,BR,2022-04-05 20:08:33,-32.035,-52.0986,75.31,54,0,9.22
234,Markova,UA,2022-04-05 20:12:28,48.6758,24.4138,39.09,81,59,5.82
235,Sola,VU,2022-04-05 20:12:28,-13.8833,167.55,82.94,73,68,17.05
236,Morondava,MG,2022-04-05 20:12:28,-20.2833,44.2833,78.42,67,0,8.75
237,Esperance,AU,2022-04-05 20:10:50,-33.8667,121.9,62.64,72,88,6.53
238,Cherskiy,RU,2022-04-05 20:12:29,68.75,161.3,-17.21,98,35,2.39
239,Lewistown,US,2022-04-05 20:07:30,40.5992,-77.5714,63.54,69,100,8.05
240,Ouadda,CF,2022-04-05 20:12:29,8.0777,22.4007,79.27,42,88,3.38
241,Mawlaik,MM,2022-04-05 20:12:30,23.6333,94.4167,77.45,57,72,2.59
242,Cuijk,NL,2022-04-05 20:12:30,51.7167,5.8667,51.21,94,100,10.36
243,Havre-Saint-Pierre,CA,2022-04-05 20:12:30,50.2334,-63.5986,33.96,74,98,9.48
244,Kichera,RU,2022-04-05 20:12:31,55.9375,110.0997,12.6,82,100,3.13
245,Ongandjera,NA,2022-04-05 20:12:31,-17.8833,15.0667,75.99,33,0,2.68
246,Ponta Do Sol,PT,2022-04-05 20:09:20,32.6667,-17.1,60.71,64,45,7.43
247,Dalbandin,PK,2022-04-05 20:12:31,28.8947,64.4101,77.67,7,0,6.87
248,Saskylakh,RU,2022-04-05 20:12:32,71.9167,114.0833,-26.28,100,66,2.57
249,Mar Del Plata,AR,2022-04-05 20:12:32,-38.0023,-57.5575,76.87,42,0,16.11
250,Axim,GH,2022-04-05 20:12:32,4.8699,-2.2405,81.5,83,31,7.07
251,Sakakah,SA,2022-04-05 20:12:33,29.9697,40.2064,75.76,15,88,9.35
252,Yangjiang,CN,2022-04-05 20:12:33,21.85,111.9667,66.02,83,78,1.95
253,Sweetwater,US,2022-04-05 20:12:33,25.7634,-80.3731,87.8,73,75,16.11
254,Cravo Norte,CO,2022-04-05 20:12:34,6.3017,-70.2041,89.69,49,95,1.99
255,Mehran,IR,2022-04-05 20:12:35,33.1222,46.1646,76.62,20,88,6.67
256,Port Blair,IN,2022-04-05 20:05:24,11.6667,92.75,80.06,80,100,5.91
257,Fairbanks,US,2022-04-05 20:10:32,64.8378,-147.7164,21.31,69,75,0.0
258,Hwange,ZW,2022-04-05 20:12:36,-18.3693,26.5019,73.04,71,44,1.32
259,Telki,HU,2022-04-05 20:12:36,47.5479,18.8282,48.97,76,100,12.62
260,Tasiilaq,GL,2022-04-05 20:05:24,65.6145,-37.6368,24.96,94,48,5.41
261,Klaksvik,FO,2022-04-05 20:12:36,62.2266,-6.589,32.92,59,100,20.98
262,Lichuan,CN,2022-04-05 20:12:37,30.3,108.85,45.54,95,100,2.57
263,Zolotonosha,UA,2022-04-05 20:12:37,49.6689,32.0377,44.4,61,100,10.33
264,Dongsheng,CN,2022-04-05 20:12:37,39.8161,109.9776,47.79,21,100,9.17
265,Manokwari,ID,2022-04-05 20:12:38,-0.8667,134.0833,78.21,79,90,4.23
266,Marienburg,PL,2022-04-05 20:12:38,54.0359,19.0266,37.11,74,100,8.77
267,Sambava,MG,2022-04-05 20:12:38,-14.2667,50.1667,77.38,91,100,8.16
268,Baturaja,ID,2022-04-05 20:12:38,-4.1333,104.1667,72.12,98,96,2.51
269,Pangkalanbuun,ID,2022-04-05 20:12:39,-2.6833,111.6167,74.07,98,100,2.53
270,Morki,RU,2022-04-05 20:13:39,56.4303,48.9947,24.04,96,11,6.31
271,Nchelenge,ZM,2022-04-05 20:13:39,-9.3451,28.734,71.76,85,100,2.95
272,Nobres,BR,2022-04-05 20:13:40,-14.7203,-56.3275,87.48,62,19,2.42
273,Lasa,IT,2022-04-05 20:11:54,46.6166,10.7002,43.7,92,61,4.68
274,Fatezh,RU,2022-04-05 20:13:40,52.0891,35.8632,37.38,81,100,16.93
275,Kruisfontein,ZA,2022-04-05 20:13:40,-34.0033,24.7314,61.88,71,7,16.84
276,Sistranda,NO,2022-04-05 20:13:41,63.7256,8.834,31.96,53,100,20.07
277,Bam,IR,2022-04-05 20:13:41,29.106,58.357,76.71,13,0,12.44
278,Bone,DE,2022-04-05 20:13:41,51.9669,12.1396,50.25,92,100,13.6
279,Sitka,US,2022-04-05 20:09:04,57.0531,-135.33,39.09,81,75,0.0
280,Noumea,NC,2022-04-05 20:13:42,-22.2763,166.4572,73.38,83,100,10.96
281,Rawson,AR,2022-04-05 20:11:06,-43.3002,-65.1023,75.67,34,48,25.26
282,Vestmannaeyjar,IS,2022-04-05 20:13:42,63.4427,-20.2734,31.82,48,100,17.27
283,Bambanglipuro,ID,2022-04-05 20:13:43,-7.95,110.2833,75.04,91,100,2.44
284,Yatou,CN,2022-04-05 20:13:43,37.15,122.3833,45.14,65,0,14.83
285,Sovetskiy,RU,2022-04-05 20:13:43,61.3614,63.5842,23.68,92,100,9.86
286,Dabrowa Tarnowska,PL,2022-04-05 20:13:44,50.1746,20.9863,44.69,89,100,14.16
287,Ayni,TJ,2022-04-05 20:13:44,39.3941,68.5377,52.7,45,40,7.29
288,Neyshabur,IR,2022-04-05 20:13:44,36.2133,58.7958,71.08,22,98,3.8
289,Hobyo,SO,2022-04-05 20:13:45,5.3505,48.5268,81.59,71,69,15.5
290,Shelburne,CA,2022-04-05 20:13:45,44.0787,-80.2041,51.37,64,98,7.96
291,Rio Gallegos,AR,2022-04-05 20:10:45,-51.6226,-69.2181,49.17,39,77,17.54
292,Ubatuba,BR,2022-04-05 20:13:45,-23.4339,-45.0711,77.65,92,80,7.27
293,Chake Chake,TZ,2022-04-05 20:13:46,-5.2459,39.7666,81.25,75,11,8.21
294,Ginda,IN,2022-04-05 20:13:46,30.6945,78.4932,56.89,24,0,8.1
295,Celestun,MX,2022-04-05 20:13:46,20.8667,-90.4,88.61,60,4,11.9
296,La Ronge,CA,2022-04-05 20:13:46,55.1001,-105.2842,38.19,81,99,13.98
297,Killybegs,IE,2022-04-05 20:13:47,54.6333,-8.45,49.71,90,96,18.37
298,Ponta Delgada,PT,2022-04-05 20:13:47,37.7333,-25.6667,59.72,63,75,5.75
299,Lebu,CL,2022-04-05 20:13:47,-37.6167,-73.65,59.25,82,55,12.53
300,Ati,TD,2022-04-05 20:13:48,13.2154,18.3353,91.6,11,19,6.58
301,Batagay-Alyta,RU,2022-04-05 20:13:48,67.8006,130.4114,-16.62,99,100,5.01
302,Bulgan,MN,2022-04-05 20:13:48,48.8125,103.5347,35.56,59,100,3.65
303,Kapoeta,SS,2022-04-05 20:13:49,4.7717,33.5903,86.94,32,10,7.23
304,Swellendam,ZA,2022-04-05 20:13:49,-34.0226,20.4417,59.86,76,3,4.63
305,Manati,PR,2022-04-05 20:13:49,18.4275,-66.4921,86.05,79,41,16.75
306,Burnie,AU,2022-04-05 20:13:50,-41.0667,145.9167,53.1,78,100,11.79
307,Izberbash,RU,2022-04-05 20:13:50,42.5696,47.8645,50.09,77,100,11.68
308,Atar,MR,2022-04-05 20:13:50,20.5169,-13.0499,81.73,20,3,7.7
309,Tiksi,RU,2022-04-05 20:13:51,71.6872,128.8694,-17.93,100,100,2.26
310,Vestmanna,FO,2022-04-05 20:13:51,62.1564,-7.1664,31.12,64,75,12.66
311,Lavrentiya,RU,2022-04-05 20:13:51,65.5833,-171.0,-2.97,87,18,6.73
312,Kailua,US,2022-04-05 20:13:52,21.4022,-157.7394,82.38,70,99,8.01
313,Turinskaya Sloboda,RU,2022-04-05 20:13:52,57.6232,64.3858,30.65,79,72,15.73
314,Ko Samui,TH,2022-04-05 20:14:52,9.5357,99.9357,82.74,73,100,13.42
315,Kuchinarai,TH,2022-04-05 20:14:53,16.541,104.05,70.86,68,14,11.39
316,Kalga,RU,2022-04-05 20:14:53,50.9251,118.898,11.7,59,0,5.55
317,Fuengirola,ES,2022-04-05 20:14:53,36.54,-4.6247,56.84,86,20,10.36
318,Miandrivazo,MG,2022-04-05 20:14:54,-19.5167,45.4667,76.96,67,0,1.7
319,Anadyr,RU,2022-04-05 20:14:54,64.75,177.4833,-5.3,71,0,8.95
320,Esil,KZ,2022-04-05 20:14:54,51.9556,66.4042,31.33,97,22,9.26
321,Sekoma,BW,2022-04-05 20:14:54,-24.4,23.8833,69.89,34,2,4.36
322,Kikwit,CD,2022-04-05 20:14:55,-5.041,18.8162,72.23,96,100,1.97
323,Kitgum,UG,2022-04-05 20:14:55,3.2783,32.8867,77.32,41,40,3.47
324,Adrar,MR,2022-04-05 20:14:55,20.5022,-10.0711,81.75,19,6,6.33
325,Sampit,ID,2022-04-05 20:14:56,-2.5333,112.95,73.18,98,100,2.04
326,Saint-Augustin,CA,2022-04-05 20:14:56,51.226,-58.6502,34.29,95,100,14.67
327,Amahai,ID,2022-04-05 20:14:56,-3.3333,128.9167,76.06,84,100,2.51
328,Hithadhoo,MV,2022-04-05 20:14:57,-0.6,73.0833,82.72,66,56,4.59
329,Zarubino,RU,2022-04-05 20:14:57,42.63,131.0922,36.03,52,5,12.12
330,Funtua,NG,2022-04-05 20:14:57,11.5233,7.3081,85.41,15,100,8.25
331,Hami,CN,2022-04-05 20:14:58,42.8,93.45,62.01,16,0,6.69
332,Huilong,CN,2022-04-05 20:14:58,31.8111,121.655,50.94,72,76,3.89
333,Marawi,PH,2022-04-05 20:14:58,7.9986,124.2928,67.73,98,100,2.53
334,Alice Town,BS,2022-04-05 20:14:58,25.7167,-79.3,79.21,77,1,15.46
335,Larsnes,NO,2022-04-05 20:14:59,62.2028,5.5773,37.45,89,100,5.93
336,Lebyazhye,RU,2022-04-05 20:14:59,55.2689,66.4947,33.62,74,11,15.21
337,Whitefish,US,2022-04-05 20:14:16,48.4111,-114.3376,42.55,52,100,16.11
338,Aklavik,CA,2022-04-05 20:15:00,68.2191,-135.0107,-4.07,85,81,6.93
339,Alberton,CA,2022-04-05 20:15:00,46.8168,-64.0654,35.13,68,38,14.12
340,Grand Gaube,MU,2022-04-05 20:15:00,-20.0064,57.6608,78.39,88,100,3.0
341,Maniwaki,CA,2022-04-05 20:15:01,46.3834,-75.966,53.98,28,90,1.14
342,Taoudenni,ML,2022-04-05 20:15:01,22.6783,-3.9836,89.98,16,0,9.78
343,Elizabeth City,US,2022-04-05 20:11:59,36.2946,-76.2511,73.42,71,20,11.5
344,Socorro,US,2022-04-05 20:15:01,31.6546,-106.3033,85.21,13,20,28.77
345,Labuhan,ID,2022-04-05 20:15:02,-6.8844,112.2051,76.84,88,100,7.87
346,Garissa,KE,2022-04-05 20:15:02,-0.4536,39.6401,84.4,54,21,15.77
347,Bara,NG,2022-04-05 20:15:02,10.3744,10.7288,89.08,17,66,3.29
348,Moose Factory,CA,2022-04-05 20:15:03,51.2585,-80.6094,35.6,60,92,8.05
349,Farafenni,GM,2022-04-05 20:15:03,13.5667,-15.6,91.26,21,0,8.59
350,Fortuna,US,2022-04-05 20:15:03,40.5982,-124.1573,58.86,64,0,12.66
351,Krasnoselkup,RU,2022-04-05 20:15:04,65.7,82.4667,34.29,99,100,24.56
352,Margate,GB,2022-04-05 20:15:04,51.3813,1.3862,53.87,70,18,1.01
353,Rio Bueno,CL,2022-04-05 20:11:19,-40.3167,-72.9667,63.1,71,100,4.43
354,Dukat,RU,2022-04-05 20:15:05,62.55,155.55,-4.65,99,98,3.78
355,Cockburn Town,TC,2022-04-05 20:15:05,21.4612,-71.1419,78.58,72,0,14.41
356,Oyama,JP,2022-04-05 20:15:05,36.3,139.8,56.59,83,100,0.56
357,Sabha,LY,2022-04-05 20:15:06,27.0377,14.4283,86.36,8,0,3.62
358,Breytovo,RU,2022-04-05 20:15:06,58.2993,37.8617,31.84,90,100,19.26
359,Yerbogachen,RU,2022-04-05 20:12:13,61.2767,108.0108,13.98,96,100,2.68
360,Kawai,JP,2022-04-05 20:15:06,34.2333,135.85,41.83,57,100,1.36
361,Dali,CN,2022-04-05 20:15:07,25.7,100.1833,50.77,92,91,3.89
362,Qianguo,CN,2022-04-05 20:16:07,45.1171,124.8568,28.31,30,0,13.24
363,Falmouth,GB,2022-04-05 20:16:08,50.1544,-5.0711,50.9,93,75,18.41
364,Tessalit,ML,2022-04-05 20:16:08,20.1986,1.0114,91.6,5,0,2.73
365,Parana,AR,2022-04-05 20:16:09,-31.732,-60.5238,77.58,53,0,3.47
366,Cristalina,BR,2022-04-05 20:15:46,-16.7686,-47.6136,78.62,42,0,6.46
367,Vardo,NO,2022-04-05 20:16:10,70.3705,31.1107,31.98,80,75,27.63
368,Victoria,HK,2022-04-05 20:16:07,22.2855,114.1577,70.18,78,27,3.0
369,Yairipok,IN,2022-04-05 20:16:10,24.6667,94.0667,63.86,85,3,0.4
370,Luwuk,ID,2022-04-05 20:16:10,-0.9516,122.7875,77.09,85,99,3.44
371,Xai-Xai,MZ,2022-04-05 20:16:11,-25.0519,33.6442,78.12,70,18,12.08
372,Banihal,IN,2022-04-05 20:16:11,33.4167,75.2,57.22,47,0,3.58
373,Virginia Beach,US,2022-04-05 20:11:27,36.8529,-75.978,75.02,63,100,17.27
374,Ribeira Grande,PT,2022-04-05 20:16:11,38.5167,-28.7,63.0,77,20,8.05
375,Eureka,US,2022-04-05 20:13:20,40.8021,-124.1637,59.13,71,7,8.99
376,Alice Springs,AU,2022-04-05 20:12:13,-23.7,133.8833,69.22,32,13,0.0
377,Kalakamati,BW,2022-04-05 20:16:13,-20.5929,27.3121,71.76,37,0,6.93
378,Vila Franca Do Campo,PT,2022-04-05 20:16:14,37.7167,-25.4333,59.41,67,23,4.25
379,Pundaguitan,PH,2022-04-05 20:16:14,6.3711,126.1689,76.71,91,100,7.0
380,Oktyabrskiy,RU,2022-04-05 20:16:14,54.4815,53.471,21.31,94,13,5.55
381,Pakokku,MM,2022-04-05 20:16:15,21.3333,95.1,85.48,54,21,8.72
382,Sao Francisco,BR,2022-04-05 20:16:15,-15.9486,-44.8644,91.76,33,20,3.98
383,Natal,BR,2022-04-05 20:16:15,-5.795,-35.2094,83.05,78,20,11.5
384,Fort Frances,CA,2022-04-05 20:16:16,48.5999,-93.4003,37.62,74,100,11.5
385,Manggar,ID,2022-04-05 20:16:16,-2.8833,108.2667,77.27,84,46,4.81
386,Ust-Koksa,RU,2022-04-05 20:16:16,50.2696,85.6108,35.46,77,14,0.63
387,Nishihara,JP,2022-04-05 20:16:17,26.1842,127.7558,65.48,64,100,11.5
388,Chulym,RU,2022-04-05 20:11:57,55.0997,80.9572,40.35,90,100,9.1
389,Pangai,TO,2022-04-05 20:16:17,-19.8,-174.35,82.51,74,40,8.05
390,Sabang,ID,2022-04-05 20:16:17,5.8933,95.3214,77.76,83,100,2.08
391,Tirumullaivasal,IN,2022-04-05 20:16:18,11.2333,79.8333,79.57,80,17,3.91
392,Salalah,OM,2022-04-05 20:16:18,17.0151,54.0924,78.89,83,40,2.3
393,Nome,US,2022-04-05 20:16:18,64.5011,-165.4064,8.67,56,0,12.66
394,Borba,BR,2022-04-05 20:16:19,-4.3878,-59.5939,81.61,93,66,3.18
395,Nyrob,RU,2022-04-05 20:16:19,60.733,56.7202,3.87,100,76,1.74
396,Port Augusta,AU,2022-04-05 20:16:20,-32.5,137.7667,66.87,63,58,7.02
397,Junction City,US,2022-04-05 20:16:20,39.0286,-96.8314,70.56,59,40,6.91
398,Chokurdakh,RU,2022-04-05 20:16:21,70.6333,147.9167,-20.45,100,97,4.56
399,The Pas,CA,2022-04-05 20:16:21,53.8251,-101.2541,42.82,56,0,11.5
400,Wanning,CN,2022-04-05 20:16:22,18.8003,110.3967,68.85,90,69,6.6
401,San Quintin,MX,2022-04-05 20:16:22,30.4833,-115.95,67.24,68,1,9.22
402,Jalu,LY,2022-04-05 20:16:23,29.0331,21.5482,89.8,8,80,4.94
403,Saint-Michel-Des-Saints,CA,2022-04-05 20:15:35,46.6834,-73.9159,44.94,75,60,3.76
404,General Roca,AR,2022-04-05 20:16:23,-39.0333,-67.5833,81.63,23,51,11.83
405,Beyneu,KZ,2022-04-05 20:16:24,45.3167,55.2,54.97,39,99,14.23
406,Teocaltiche,MX,2022-04-05 20:16:24,21.4333,-102.5833,80.11,9,0,16.08
407,Kangaatsiaq,GL,2022-04-05 20:16:25,68.3065,-53.4641,26.17,88,100,4.52
408,Encheng,CN,2022-04-05 20:17:25,22.1839,112.3026,65.97,81,43,2.93
409,Salina,US,2022-04-05 20:14:23,38.8403,-97.6114,73.53,41,20,19.57
410,Ancud,CL,2022-04-05 20:17:26,-41.8697,-73.8203,57.22,92,100,13.71
411,Fort Nelson,CA,2022-04-05 20:17:26,58.8053,-122.7002,40.59,42,20,0.0
412,Bonfim,BR,2022-04-05 20:17:26,3.0833,-59.95,90.72,45,98,5.91
413,Pauini,BR,2022-04-05 20:17:27,-7.7136,-66.9764,82.47,85,62,1.92
414,Heihe,CN,2022-04-05 20:17:27,50.2441,127.4902,25.38,52,13,19.84
415,Cartagena,CO,2022-04-05 20:17:27,10.3997,-75.5144,87.42,66,40,14.97
416,Goderich,CA,2022-04-05 20:17:27,43.7501,-81.7165,42.91,81,65,8.05
417,Buala,SB,2022-04-05 20:17:28,-8.145,159.5921,77.18,95,100,9.35
418,Winschoten,NL,2022-04-05 20:17:28,53.1442,7.0347,49.21,89,100,15.1
419,Sibolga,ID,2022-04-05 20:17:28,1.7427,98.7792,75.88,88,95,3.42
420,Ostrovnoy,RU,2022-04-05 20:17:29,68.0531,39.5131,25.79,87,100,14.12
421,Xuddur,SO,2022-04-05 20:17:29,4.1213,43.8894,78.66,54,1,16.35
422,Sarakhs,IR,2022-04-05 20:17:29,36.5449,61.1577,62.74,55,99,2.3
423,Nexo,DK,2022-04-05 20:13:11,55.0607,15.1306,39.29,72,100,14.7
424,Bilma,NE,2022-04-05 20:17:30,18.6853,12.9164,90.12,6,5,7.4
425,Vaitape,PF,2022-04-05 20:17:30,-16.5167,-151.75,83.07,76,7,20.07
426,Shar,KZ,2022-04-05 20:17:30,49.5886,81.0453,37.71,79,65,8.97
427,Princeville,CA,2022-04-05 20:17:31,45.7668,-61.2985,35.64,71,0,10.36
428,Sao Gabriel Da Cachoeira,BR,2022-04-05 20:17:31,-0.1303,-67.0892,74.97,97,100,1.99
429,Bongandanga,CD,2022-04-05 20:17:31,1.5,21.05,70.23,99,100,3.74
430,Belomorsk,RU,2022-04-05 20:17:32,64.5232,34.7668,34.23,85,100,15.19
431,Umm Kaddadah,SD,2022-04-05 20:17:32,13.6017,26.6876,88.07,13,0,12.41
432,Grindavik,IS,2022-04-05 20:17:32,63.8424,-22.4338,28.35,63,40,27.63
433,Cidreira,BR,2022-04-05 20:17:33,-30.1811,-50.2056,69.75,71,22,8.93
434,Sindor,RU,2022-04-05 20:17:33,62.8629,51.8905,6.01,98,32,2.64
435,Mabaruma,GY,2022-04-05 20:17:33,8.2,-59.7833,82.83,61,46,7.61
436,Kushmurun,KZ,2022-04-05 20:17:33,52.4503,64.6311,31.78,86,17,9.44
437,Kavaratti,IN,2022-04-05 20:17:34,10.5669,72.642,83.34,74,17,7.81
438,San Buenaventura,MX,2022-04-05 20:17:34,27.0833,-101.5333,96.48,27,75,25.32
439,Westport,US,2022-04-05 20:16:35,41.1415,-73.3579,58.62,51,100,6.91
440,Plettenberg Bay,ZA,2022-04-05 20:17:34,-34.0527,23.3716,61.21,81,56,9.04
441,Juneau,US,2022-04-05 20:14:13,58.3019,-134.4197,41.99,85,100,4.61
442,Muborak,UZ,2022-04-05 20:17:35,39.2553,65.1528,74.77,21,9,11.77
443,Meulaboh,ID,2022-04-05 20:17:35,4.1363,96.1285,76.82,87,93,3.74
444,Kavieng,PG,2022-04-05 20:17:35,-2.5744,150.7967,79.66,85,100,16.98
445,Saravan,AM,2022-04-05 20:17:36,39.7196,45.6483,42.98,55,82,2.86
446,Matamoros,MX,2022-04-05 20:17:36,25.5333,-103.25,86.11,8,0,8.05
447,Charlottesville,US,2022-04-05 20:15:23,38.0293,-78.4767,69.35,51,0,5.75
448,Takhtamygda,RU,2022-04-05 20:17:36,54.1,123.5667,14.27,65,12,8.32
449,Port Elizabeth,ZA,2022-04-05 20:17:37,-33.918,25.5701,64.69,74,0,19.57
450,Uchaly,RU,2022-04-05 20:17:37,54.2996,59.4521,25.18,78,100,10.25
451,Sawtell,AU,2022-04-05 20:17:37,-30.3833,153.1,68.18,88,100,5.75
452,San Patricio,US,2022-04-05 20:17:38,28.017,-97.5169,89.69,48,100,7.94
453,Penzance,GB,2022-04-05 20:17:38,50.1186,-5.5371,50.68,70,88,24.09
454,Bad Doberan,DE,2022-04-05 20:17:38,54.1071,11.9005,41.99,90,100,11.63
455,Balkanabat,TM,2022-04-05 20:17:39,39.5108,54.3671,59.77,58,50,1.77
456,San Mateo Ixtatan,GT,2022-04-05 20:17:39,15.8319,-91.4781,68.29,51,50,4.54
457,Shahdadpur,PK,2022-04-05 20:18:39,25.9241,68.62,78.8,20,0,7.29
458,Porto Novo,BJ,2022-04-05 20:18:40,6.4965,2.6036,82.44,80,5,7.29
459,Iquique,CL,2022-04-05 20:13:58,-20.2208,-70.1431,66.24,75,99,8.52
460,Tonekabon,IR,2022-04-05 20:18:41,36.8163,50.8738,53.55,54,53,3.96
461,Poum,NC,2022-04-05 20:18:41,-20.2333,164.0167,77.43,94,100,49.06
462,Inirida,CO,2022-04-05 20:18:41,3.8653,-67.9239,78.53,92,100,3.38
463,Santa Catalina,PH,2022-04-05 20:18:42,9.3337,122.8637,77.58,83,100,6.8
464,Praya,CV,2022-04-05 20:18:42,14.9215,-23.5087,72.14,68,40,20.71
465,Davis,US,2022-04-05 20:18:42,41.0005,-112.0013,46.45,29,20,17.27
466,Comodoro Rivadavia,AR,2022-04-05 20:15:01,-45.8667,-67.5,57.06,88,75,9.22
467,Vanimo,PG,2022-04-05 20:18:43,-2.6741,141.3028,77.34,83,100,5.06
468,Camacha,PT,2022-04-05 20:18:43,33.0833,-16.3333,54.82,62,40,17.27
469,Maracacume,BR,2022-04-05 20:18:43,-2.0428,-45.9592,76.14,95,100,3.98
470,Matanzas,CU,2022-04-05 20:18:44,23.0411,-81.5775,92.16,46,20,11.5
471,Abashiri,JP,2022-04-05 20:18:44,44.0213,144.2697,38.1,88,0,12.5
472,Wrexham,GB,2022-04-05 20:18:44,53.0,-3.0,51.39,83,100,15.3
473,Nakhodka,RU,2022-04-05 20:18:45,42.8333,132.8947,34.99,51,0,6.04
474,Bage,BR,2022-04-05 20:18:45,-31.3314,-54.1069,76.78,53,20,9.22
475,Touros,BR,2022-04-05 20:18:45,-5.1989,-35.4608,81.66,74,9,13.27
476,Pacific Grove,US,2022-04-05 20:14:04,36.6177,-121.9166,71.38,70,0,11.5
477,Aranos,NA,2022-04-05 20:18:46,-24.1333,19.1167,70.9,18,0,7.78
478,Omsukchan,RU,2022-04-05 20:18:46,62.5333,155.8,-3.32,99,95,4.0
479,Kamensk-Uralskiy,RU,2022-04-05 20:18:46,56.4185,61.9329,29.1,78,30,14.88
480,Hearst,CA,2022-04-05 20:18:02,49.6835,-83.6665,46.65,97,99,7.05
481,Campbeltown,GB,2022-04-05 20:18:47,55.4258,-5.6076,46.45,87,100,23.13
482,Odweyne,SO,2022-04-05 20:18:47,9.4092,45.064,76.35,23,7,10.11
483,Goundam,ML,2022-04-05 20:18:47,16.4145,-3.6708,92.19,12,0,5.91
484,Mizdah,LY,2022-04-05 20:18:48,31.4451,12.9801,82.27,14,8,6.42
485,Oga,IT,2022-04-05 20:18:48,46.4631,10.347,41.68,92,66,4.65
486,Pasil,PH,2022-04-05 20:18:48,17.3833,121.1333,64.31,97,93,2.1
487,Tsiroanomandidy,MG,2022-04-05 20:18:49,-18.7667,46.0333,66.04,81,0,0.45
488,Ilinskiy,RU,2022-04-05 20:18:49,55.619,38.1182,36.3,86,75,11.18
489,Mount Isa,AU,2022-04-05 20:18:49,-20.7333,139.5,53.37,35,4,0.0
490,Bonoua,CI,2022-04-05 20:18:49,5.2741,-3.595,83.82,85,79,6.38
491,Palana,RU,2022-04-05 20:18:50,59.1167,159.9667,20.82,94,99,10.25
492,Oussouye,SN,2022-04-05 20:18:50,12.485,-16.5469,80.78,65,0,15.66
493,Callaway,US,2022-04-05 20:18:50,30.153,-85.5699,79.99,85,75,20.71
494,Najran,SA,2022-04-05 20:18:51,17.4924,44.1277,72.25,11,0,3.22
495,Betare Oya,CM,2022-04-05 20:18:51,5.6,14.0833,70.12,82,100,2.19
496,Destin,US,2022-04-05 20:16:47,30.3935,-86.4958,66.2,91,100,13.8
497,Loandjili,CG,2022-04-05 20:18:51,-4.7561,11.8578,78.3,91,77,8.32
498,Shingu,JP,2022-04-05 20:18:52,33.7333,135.9833,51.73,64,100,5.53
499,Saint-Pierre,RE,2022-04-05 20:18:52,-21.3393,55.4781,78.48,91,20,3.44
500,Chapais,CA,2022-04-05 20:18:52,49.7834,-74.8492,37.18,58,75,3.0
501,Sungairaya,ID,2022-04-05 20:18:53,0.7,108.9,78.73,81,85,1.77
502,Gijon,ES,2022-04-05 20:18:53,43.5357,-5.6615,46.99,76,1,3.02
503,Yelizovo,RU,2022-04-05 20:18:53,53.1873,158.3805,35.74,69,0,4.47
504,Strezhevoy,RU,2022-04-05 20:18:54,60.7333,77.5889,37.36,94,100,11.39
505,Tiradentes,BR,2022-04-05 20:18:54,-21.1103,-44.1781,79.21,83,64,1.36
506,Namibe,AO,2022-04-05 20:19:54,-15.1961,12.1522,70.45,81,6,8.37
507,Ryotsu,JP,2022-04-05 20:19:55,38.0833,138.4333,49.57,78,100,8.75
508,Moranbah,AU,2022-04-05 20:19:55,-22.0016,148.0466,71.82,75,80,6.89
509,Bontang,ID,2022-04-05 20:19:55,0.1333,117.5,75.29,92,100,6.89
510,Makaha,US,2022-04-05 20:19:56,21.4694,-158.2175,82.31,68,100,10.36
511,Le Locle,CH,2022-04-05 20:19:56,47.0595,6.7523,45.82,87,100,3.44
512,Alexandria,EG,2022-04-05 20:19:56,31.2156,29.9553,79.34,53,99,0.0
513,Pangnirtung,CA,2022-04-05 20:19:56,66.1451,-65.7125,10.4,79,75,3.44
514,Boyuibe,BO,2022-04-05 20:19:57,-20.4167,-63.2833,81.84,52,100,2.77
515,Alamor,EC,2022-04-05 20:19:57,-4.0181,-80.0197,67.73,90,93,2.84
516,Charters Towers,AU,2022-04-05 20:19:57,-20.1,146.2667,70.88,86,38,6.91
517,Saurimo,AO,2022-04-05 20:19:58,-9.6608,20.3916,66.87,93,100,3.74
518,Anloga,GH,2022-04-05 20:17:33,5.7947,0.8973,82.78,83,27,10.69
519,Narsaq,GL,2022-04-05 20:19:58,60.9167,-46.05,41.22,74,28,3.49
520,Cilegon,ID,2022-04-05 20:16:30,-6.0174,106.0538,78.93,78,100,6.35
521,Holbaek,DK,2022-04-05 20:19:58,55.7167,11.7167,39.29,66,97,5.99
522,Flinders,AU,2022-04-05 20:15:43,-34.5833,150.8552,65.17,91,100,4.0
523,Booue,GA,2022-04-05 20:19:59,-0.0921,11.9385,77.16,84,84,0.81
524,Carballo,ES,2022-04-05 20:19:59,43.213,-8.691,51.49,69,0,8.05
525,Mitsamiouli,KM,2022-04-05 20:19:59,-11.3847,43.2844,81.82,76,1,6.93
526,Gamboma,CG,2022-04-05 20:20:00,-1.8764,15.8644,73.24,89,88,1.39
527,Nova Prata,BR,2022-04-05 20:20:00,-28.7839,-51.61,69.58,68,64,2.42
528,Kirakira,SB,2022-04-05 20:20:01,-10.4544,161.9205,80.33,86,94,13.31
529,Troitsko-Pechorsk,RU,2022-04-05 20:20:01,62.7084,56.1964,10.69,96,29,5.23
530,Madera,US,2022-04-05 20:20:02,37.1666,-119.8343,76.51,52,0,1.01
531,Mount Gambier,AU,2022-04-05 20:20:02,-37.8333,140.7667,57.11,94,100,8.05
532,Nhulunbuy,AU,2022-04-05 20:20:02,-12.2333,136.7667,79.41,89,56,0.0
533,Jesenice,SI,2022-04-05 20:15:28,46.4306,14.0669,48.6,91,78,3.87
534,Kamenka,RU,2022-04-05 20:20:03,51.3223,42.7678,36.09,69,100,10.96
535,San Jose,US,2022-04-05 20:16:31,37.3394,-121.895,72.91,41,20,12.66
536,Las Vegas,US,2022-04-05 20:18:31,36.175,-115.1372,89.38,13,0,23.02
537,Canmore,CA,2022-04-05 20:20:04,51.0834,-115.3521,44.71,28,99,8.05
538,Kavos,GR,2022-04-05 20:20:04,38.8268,22.8322,56.97,81,4,1.25
539,Gurupi,BR,2022-04-05 20:20:04,-11.7292,-49.0686,87.22,62,35,2.95
540,Madison,US,2022-04-05 20:20:00,34.7334,-86.5667,62.44,95,100,17.27
541,Esmeraldas,BR,2022-04-05 20:15:17,-19.7625,-44.3139,85.06,62,52,2.71
542,Aswan,EG,2022-04-05 20:20:05,24.0934,32.907,87.1,8,0,8.05
543,Gambela,ET,2022-04-05 20:16:16,8.25,34.5833,82.17,52,4,3.69
544,Constitucion,CL,2022-04-05 20:15:56,-35.3333,-72.4167,64.9,62,9,12.88
545,Kuala Terengganu,MY,2022-04-05 20:15:20,5.3302,103.1408,77.88,83,70,1.23
546,Russell,US,2022-04-05 20:20:06,32.3502,-85.1999,64.0,94,100,4.61
547,Hokitika,NZ,2022-04-05 20:20:06,-42.7167,170.9667,62.47,89,100,10.18
548,Point Pedro,LK,2022-04-05 20:20:07,9.8167,80.2333,80.91,79,48,10.16
549,Fereydun Kenar,IR,2022-04-05 20:20:07,36.6864,52.5225,55.62,82,0,0.0
550,Nha Trang,VN,2022-04-05 20:20:07,12.25,109.1833,77.0,88,89,8.46
551,Husavik,IS,2022-04-05 20:20:08,66.0449,-17.3389,26.96,94,100,30.4
552,Ozernovskiy,RU,2022-04-05 20:20:08,51.5,156.5167,37.09,60,4,5.75
553,Mantua,IT,2022-04-05 20:21:08,45.1667,10.7833,54.64,74,0,7.0
554,Mahroni,IN,2022-04-05 20:21:09,24.5862,78.7288,82.63,10,16,6.67
555,Gonzales,US,2022-04-05 20:21:09,30.2385,-90.9201,84.04,74,100,10.0
556,Deputatskiy,RU,2022-04-05 20:21:09,69.3,139.9,-17.86,100,100,1.79
557,Lubango,AO,2022-04-05 20:21:10,-14.9172,13.4925,61.75,84,0,0.38
558,Manado,ID,2022-04-05 20:21:10,1.487,124.8455,75.97,100,40,2.3
559,Daru,PG,2022-04-05 20:21:11,-9.0763,143.2092,77.47,85,100,0.56
560,Byron Bay,AU,2022-04-05 20:21:11,-28.65,153.6167,65.95,84,48,3.42
